numero_cuenta,nombre_usuario,dir_usuario,pais_usuario
ES12 7894 5214 06 1974853645,Rosalinda del Coca,Plaza Naiara 79 2 C,Espanna
ES12 1245 9654 14 1423478952,Gertrudis Olmedo Bello,Travessera Aroa 652 Atico 4,Espanna
ES12 9874 6521 33 2145200324,Ricardo Llano Lillo,Avinguda Blazquez 95 Atico 2,Espanna
ES12 1423 2587 11 1120123654,Natanael Jeremias Gimenez Bernado,Calle Miranda 797 3 A,Espanna
ES12 2233 5426 11 6325478596,Lazaro Landa Planas,Plaza Carlota 00 Bajos,Espanna
10136695,Tomiloba Ayinde Ekwueme,37 Nojeem Street,Nigeria
88158513,Ebiowei Temitope Adegoke,39 Chibike Street,Nigeria
41813336,Chizoba Chinyere Omolara,40 Hanifat Street,Nigeria
94224026,Yakubu Atanda,20 Ndukwu Street,Nigeria
81587973,Cherechi Titilayo Justina,97 Abiola Street,Nigeria
28300785,Teagan Rice,5204 Gutkowski Glens,EEUU
44836175,John Smith,47930 Jalen Pike,EEUU
75058292,Cheyenne Sterling,40624 Oran Flats Suite 710,EEUU
56041578,Donald Draper,442 Ana Ridges Suite 497,EEUU
52960921,Elizabeth Olsen,320 Goyette Plaza Apt. 824,EEUU
FR14 2004 1010 0505 0001 3M02 606,Chantal Renaud-Gallet,132 place Stephane Dufour,Francia
FR14 7845 1210 9654 7481 3M48 706,Antoinette Legros,7 impasse Mendes,Francia
FR14 2451 4123 6541 7852 6L47 106,Marine Jean,25 rue Alexandre Joubert,Francia
FR14 2336 5874 4512 2657 7M95 306,Alexandria Le Ferrand,chemin De Oliveira,Francia
FR14 2002 4124 5621 3214 8K65 206,Vincent Lamy,817 rue Marguerite Pineau,Francia
11004520,Vera Garza,Callejon Sebastian Hab. 38,Venezuela
500700677179,Antonia Corrales,Av. Jimena Casado 9 Hab. 39,Venezuela
747980763177,Adriana Macias Esparza,Vereda Gonzalo Matos 95 Nro 32,Venezuela
28644969214,Alba Sierra Carretero,Av. Vera Casa 29,Venezuela
969165068,Ariadna Guardado,Cl. Oquendo 9 Piso 20,Venezuela
DK7990748094856601,Christoffer Ludvigsen,Kragvej 23 st.,Dinamarca
DK8380454419076236,Sarah Bak Kofod,Brogaard Vej 2 2.,Dinamarca
DK6418200183829170,Hilda Bagge Buhl-Michaelsen,Bayvej 58 st. th.,Dinamarca
DK9125737749686833,Ole Sondergaard Lindberg-Lund,Guldberggade 9 M st.,Dinamarca
DK5826710117364986,Winnie Guldager-Hansen Matzen,Andersson Gade 304 st. th.,Dinamarca
DE04783146000254146929,Frau Dr. Melanie Eberhardt B.A.,Kerngasse 7/5,Alemania
DE30252306005548905707,Ina Jacobs MBA.,Krusestrasse 4b,Alemania
DE24526757092595266957,Katarina Schmitt,Regine-Weber-Weg 65,Alemania
DE80244149035834040005,Max Gross-Fritz,Schweizerstr. 09,Alemania
DE73954023964732096714,Nikolaj Thiel B.A.,Piotr-Fuchs-Platz 97a,Alemania
